{"cameraMode":{"drawMode":0,"name":"Shaded","section":"Shading Mode"},"sceneLighting":true,"audioPlay":false,"sceneViewState":{"showFog":true,"showMaterialUpdate":false,"showSkybox":true,"showFlares":true,"showImageEffects":true,"showParticleSystems":true},"in2DMode":false,"pivot":{"x":-0.4324401617050171,"y":2.9862608909606935,"z":-5.083404541015625},"rotation":{"x":0.19359150528907777,"y":-0.06910832971334458,"z":0.013668815605342389,"w":0.9785692691802979},"size":1.5884084701538087,"orthographic":false}